{
  "project_info": {
    "project_number": "966286126865",
    "project_id": "prism-project-8c89e",
    "storage_bucket": "prism-project-8c89e.appspot.com"
  },
  "client": [
    {
      "client_info": {
        "mobilesdk_app_id": "1:966286126865:android:e27b691bf507baca4466b0",
        "android_client_info": {
          "package_name": "com.example.loginsqlite01"
        }
      },
      "oauth_client": [
        {
          "client_id": "966286126865-mekmp8m0qlo5kqg9i49ca897eqb7sgh7.apps.googleusercontent.com",
          "client_type": 3
        }
      ],
      "api_key": [
        {
          "current_key": "AIzaSyAeOhWZXH6uV2eyGMQBYUuoptDOqZ7tJTk"
        }
      ],
      "services": {
        "appinvite_service": {
          "other_platform_oauth_client": [
            {
              "client_id": "966286126865-mekmp8m0qlo5kqg9i49ca897eqb7sgh7.apps.googleusercontent.com",
              "client_type": 3
            }
          ]
        }
      }
    }
  ],
  "configuration_version": "1"
}